Name[13],Municipal status[13],Municipal sub-type[13],Census division[13],2016 Census of Population[4],Population (2016),Population (2011),Change,Land area (km²),Population density,Total local (single and lower-tier) municipalities,"7005155672560000000♠155,672.56",85.8/km2,Province of Ontario,"7005908699330000000♠908,699.33",14.8/km2
Addington Highlands,Lower-tier,Township,Lennox and Addington,2323,2517,2999229241160111240♠−7.7%,"7003132832000000000♠1,328.32",1.7/km2,,,,,,,
Adelaide-Metcalfe,Lower-tier,Township,Middlesex,2990,3028,2999874504623513870♠−1.3%,7002331460000000000♠331.46,9.0/km2,,,,,,,
Adjala-Tosorontio,Lower-tier,Township,Simcoe,10975,10603,7000350844100726210♠+3.5%,7002372349999900000♠372.34,29.5/km2,,,,,,,
Admaston/Bromley,Lower-tier,Township,Renfrew,2935,2844,7000319971870604780♠+3.2%,7002524059999999999♠524.06,5.6/km2,,,,,,,
Ajax,Lower-tier,Town,Durham,119677,109600,7000919434306569340♠+9.2%,7001670000000000000♠67.00,"1,786.2/km2",,,,,,,
Alberton,Single-tier,Township,Rainy River,969,864,7001121527777777780♠+12.2%,7002116660000000000♠116.66,8.3/km2,,,,,,,
Alfred and Plantagenet,Lower-tier,Township,Prescott and Russell,9680,9196,7000526315789473680♠+5.3%,7002392310000000000♠392.31,24.7/km2,,,,,,,
Algonquin Highlands,Lower-tier,Township,Haliburton,2351,2186,7000754803293687100♠+7.5%,"7003100720000000000♠1,007.20",2.3/km2,,,,,,,
Alnwick/Haldimand,Lower-tier,Township,Northumberland,6869,6617,7000380837237418770♠+3.8%,7002398450000000000♠398.45,17.2/km2,,,,,,,
Amaranth,Lower-tier,Township,Dufferin,4079,3963,7000292707544789300♠+2.9%,7002264580000099999♠264.58,15.4/km2,,,,,,,
Amherstburg,Lower-tier,Town,Essex,21936,21556,7000176285025051030♠+1.8%,7002185610000000000♠185.61,118.2/km2,,,,,,,
ArchipelagoThe Archipelago,Single-tier,Township,Parry Sound,531,566,2999381625441696110♠−6.2%,7002606140000000000♠606.14,0.9/km2,,,,,,,
Armour,Single-tier,Township,Parry Sound,1414,1372,7000306122448979590♠+3.1%,7002164649999900000♠164.64,8.6/km2,,,,,,,
Armstrong,Single-tier,Township,Timiskaming,1166,1216,2999588815789473680♠−4.1%,7001902000000000000♠90.20,12.9/km2,,,,,,,
Arnprior,Lower-tier,Town,Renfrew,8795,8114,7000839290115849149♠+8.4%,7001130700000000000♠13.07,672.9/km2,,,,,,,
Arran-Elderslie,Lower-tier,Municipality,Bruce,6803,6810,3000897209985315720♠−0.1%,7002460070000000000♠460.07,14.8/km2,,,,,,,
Ashfield-Colborne-Wawanosh,Lower-tier,Township,Huron,5422,5582,2999713364385524900♠−2.9%,7002586970000000000♠586.97,9.2/km2,,,,,,,
Asphodel-Norwood,Lower-tier,Township,Peterborough,4109,4041,7000168275179411040♠+1.7%,7002161020000000000♠161.02,25.5/km2,,,,,,,
Assiginack,Single-tier,Township,Manitoulin,1013,960,7000552083333333330♠+5.5%,7002226720000000000♠226.72,4.5/km2,,,,,,,
Athens,Lower-tier,Township,Leeds and Grenville,3013,3118,2999663245670301480♠−3.4%,7002127880000000000♠127.88,23.6/km2,,,,,,,
Atikokan,Single-tier,Town,Rainy River,2753,2787,2999878005023322569♠−1.2%,7002319520000000000♠319.52,8.6/km2,,,,,,,
Augusta,Lower-tier,Township,Leeds and Grenville,7353,7430,2999896366083445490♠−1.0%,7002314660000000000♠314.66,23.4/km2,,,,,,,
Aurora,Lower-tier,Town,York,55445,53203,7000421404807999550♠+4.2%,7001498500000000000♠49.85,"1,112.2/km2",,,,,,,
Aylmer,Lower-tier,Town,Elgin,7492,7151,7000476856383722560♠+4.8%,7000626000000000000♠6.26,"1,196.8/km2",,,,,,,
Baldwin,Single-tier,Township,Sudbury,605[33],551,7000980036297640650♠+9.8%,7001832000000000000♠83.20,7.3/km2,,,,,,,
Bancroft,Lower-tier,Town,Hastings,3881,3880,5000000000000000000♠0.0%,7002229510000000000♠229.51,16.9/km2,,,,,,,
Barrie,Single-tier,City,Simcoe,141434,136063,7000394743611415300♠+3.9%,7001990400000000000♠99.04,"1,428.0/km2",,,,,,,
Bayham,Lower-tier,Municipality,Elgin,7396,6989,7000582343682930320♠+5.8%,7002244970000000000♠244.97,30.2/km2,,,,,,,
Beckwith,Lower-tier,Township,Lanark,7644,6986,7000941883767535070♠+9.4%,7002240470000000000♠240.47,31.8/km2,,,,,,,
Belleville,Single-tier,City,Hastings,50716,49454,7000255186638087920♠+2.6%,7002247250000000000♠247.25,205.1/km2,,,,,,,
Billings,Single-tier,Township,Manitoulin,603,506,7001191699604743080♠+19.2%,7002209649999900000♠209.64,2.9/km2,,,,,,,
Black River-Matheson,Single-tier,Township,Cochrane,2438,2410,7000116182572614110♠+1.2%,"7003116345000000000♠1,163.45",2.1/km2,,,,,,,
Blandford-Blenheim,Lower-tier,Township,Oxford,7399,7359,6999543552113058830♠+0.5%,7002382330000000000♠382.33,19.4/km2,,,,,,,
Blind River,Single-tier,Town,Algoma,3472,3549,2999783037475345170♠−2.2%,7002525650000000000♠525.65,6.6/km2,,,,,,,
Blue MountainsThe Blue Mountains,Lower-tier,Town,Grey,7025,6453,7000886409421974270♠+8.9%,7002287240000000000♠287.24,24.5/km2,,,,,,,
Bluewater,Lower-tier,Municipality,Huron,7136,7044,7000130607609312890♠+1.3%,7002417000000000000♠417.00,17.1/km2,,,,,,,
Bonfield,Single-tier,Township,Nipissing,1975,2016,2999796626984126980♠−2.0%,7002208380000000000♠208.38,9.5/km2,,,,,,,
Bonnechere Valley,Lower-tier,Township,Renfrew,3674,3763,2999763486579856500♠−2.4%,7002593750000000000♠593.75,6.2/km2,,,,,,,
Bracebridge,Lower-tier,Town,Muskoka,16010,15414,7000386661476579730♠+3.9%,7002628220000000000♠628.22,25.5/km2,,,,,,,
Bradford West Gwillimbury,Lower-tier,Town,Simcoe,35325,28077,7001258147237952770♠+25.8%,7002201040000000000♠201.04,175.7/km2,,,,,,,
Brampton,Lower-tier,City,Peel,593638,523906,7001133100212633560♠+13.3%,7002266360000000000♠266.36,"2,228.7/km2",,,,,,,
Brant,Single-tier,City,Brant,36707,35638,7000299960716089570♠+3.0%,7002843250000000000♠843.25,43.5/km2,,,,,,,
Brantford,Single-tier,City,Brant,97496,93650,7000410678056593700♠+4.1%,7001724400000000000♠72.44,"1,345.9/km2",,,,,,,
Brethour,Single-tier,Township,Timiskaming,97,129,2998751937984496120♠−24.8%,7001820800000000000♠82.08,1.2/km2,,,,,,,
Brighton,Lower-tier,Municipality,Northumberland,11844,10928,7000838213762811130♠+8.4%,7002222710000000000♠222.71,53.2/km2,,,,,,,
Brock,Lower-tier,Township,Durham,11642,11341,7000265408694118690♠+2.7%,7002423349999900000♠423.34,27.5/km2,,,,,,,
Brockton,Lower-tier,Municipality,Bruce,9461,9432,6999307463952502120♠+0.3%,7002565179999900000♠565.18,16.7/km2,,,,,,,
Brockville,Single-tier,City,Leeds and Grenville,21346,21870,2999760402377686330♠−2.4%,7001208500000000000♠20.85,"1,023.8/km2",,,,,,,
Brooke-Alvinston,Lower-tier,Municipality,Lambton,2411,2548,2999462323390894820♠−5.4%,7002311310000000000♠311.31,7.7/km2,,,,,,,
Bruce Mines,Single-tier,Town,Algoma,582,566,7000282685512367490♠+2.8%,7000622000000000000♠6.22,93.6/km2,,,,,,,
"Brudenell, Lyndoch and Raglan",Lower-tier,Township,Renfrew,1503,1658,2999065138721351019♠−9.3%,7002706240000000000♠706.24,2.1/km2,,,,,,,
Burk's Falls,Single-tier,Village,Parry Sound,981,967,7000144777662874870♠+1.4%,7000307000000000000♠3.07,319.5/km2,,,,,,,
Burlington,Lower-tier,City,Halton,183314,175779,7000428663264667569♠+4.3%,7002185660000000000♠185.66,987.4/km2,,,,,,,
Burpee and Mills,Single-tier,Township,Manitoulin,343,308,7001113636363636359♠+11.4%,7002218490000000000♠218.49,1.6/km2,,,,,,,
Caledon,Lower-tier,Town,Peel,66502,59460,7001118432559704000♠+11.8%,7002688160000000000♠688.16,96.6/km2,,,,,,,
Callander,Single-tier,Municipality,Parry Sound,3863,3864,5000000000000000000♠0.0%,7002105980000000000♠105.98,36.5/km2,,,,,,,
Calvin,Single-tier,Municipality,Nipissing,516,568,2999084507042253519♠−9.2%,7002140970000000000♠140.98,3.7/km2,,,,,,,
Cambridge,Lower-tier,City,Waterloo,129920,126748,7000250260359137820♠+2.5%,7002113010000000000♠113.01,"1,149.6/km2",,,,,,,
Carleton Place,Lower-tier,Town,Lanark,10644,9809,7000851259047813230♠+8.5%,7000905000000000000♠9.05,"1,176.1/km2",,,,,,,
Carling,Single-tier,Township,Parry Sound,1125,1248,2999014423076923080♠−9.9%,7002248850000000000♠248.85,4.5/km2,,,,,,,
Carlow/Mayo,Lower-tier,Township,Hastings,864,892,2999686098654708520♠−3.1%,7002390790000000000♠390.79,2.2/km2,,,,,,,
Casey,Single-tier,Township,Timiskaming,368,374,2999839572192513370♠−1.6%,7001808600000000000♠80.86,4.6/km2,,,,,,,
Casselman,Lower-tier,Village,Prescott and Russell,3548,3626,2999784886927744070♠−2.2%,7000512000000000000♠5.12,693.0/km2,,,,,,,
Cavan-Monaghan,Lower-tier,Township,Peterborough,8829,8601,7000265085455179630♠+2.7%,7002306330000000000♠306.33,28.8/km2,,,,,,,
Central Elgin,Lower-tier,Municipality,Elgin,12607,12743,2999893274739072430♠−1.1%,7002280330000099999♠280.33,45.0/km2,,,,,,,
Central Frontenac,Lower-tier,Township,Frontenac,4373,4556,2999598331870061460♠−4.0%,"7003102520000000000♠1,025.20",4.3/km2,,,,,,,
Central Huron,Lower-tier,Municipality,Huron,7576,7586,3000868178223042450♠−0.1%,7002449580000000000♠449.58,16.9/km2,,,,,,,
Central Manitoulin,Single-tier,Municipality,Manitoulin,2084,1958,7000643513789581200♠+6.4%,7002431110000000000♠431.11,4.8/km2,,,,,,,
Centre Hastings,Lower-tier,Municipality,Hastings,4774,4574,7000437254044599910♠+4.4%,7002222860000000000♠222.86,21.4/km2,,,,,,,
Centre Wellington,Lower-tier,Township,Wellington,28191,26693,7000561195819128610♠+5.6%,7002407540000000000♠407.54,69.2/km2,,,,,,,
Chamberlain,Single-tier,Township,Timiskaming,332,297,7001117845117845120♠+11.8%,7002110590000000000♠110.59,3.0/km2,,,,,,,
Champlain,Lower-tier,Township,Prescott and Russell,8706,8573,7000155138224658810♠+1.6%,7002207270000000000♠207.27,42.0/km2,,,,,,,
Chapleau,Single-tier,Township,Sudbury,1964,2116,2999281663516068050♠−7.2%,7001142200000000000♠14.22,138.1/km2,,,,,,,
Chapple,Single-tier,Township,Rainy River,638,741,2998860998650472330♠−13.9%,7002527940000000000♠527.94,1.2/km2,,,,,,,
Charlton and Dack,Single-tier,Municipality,Timiskaming,686,671,7000223546944858420♠+2.2%,7001927200000000000♠92.72,7.4/km2,,,,,,,
Chatham-Kent,Single-tier,Municipality,Chatham-Kent,101647,103671,2999804767003308540♠−2.0%,"7003245790000000000♠2,457.90",41.4/km2,,,,,,,
Chatsworth,Lower-tier,Township,Grey,6630,6437,7000299829112940810♠+3.0%,7002596190000000000♠596.19,11.1/km2,,,,,,,
Chisholm,Single-tier,Township,Nipissing,1291,1263,7000221694378463970♠+2.2%,7002206730000000000♠206.73,6.2/km2,,,,,,,
Clarence-Rockland,Lower-tier,City,Prescott and Russell,24512,23185,7000572352814319600♠+5.7%,7002297700000000000♠297.71,82.3/km2,,,,,,,
Clarington,Lower-tier,Municipality,Durham,92013,84548,7000882930406396370♠+8.8%,7002611400000000000♠611.40,150.5/km2,,,,,,,
Clearview,Lower-tier,Township,Simcoe,14151,13734,7000303626037570990♠+3.0%,7002557100000000000♠557.10,25.4/km2,,,,,,,
Cobalt,Single-tier,Town,Timiskaming,1128,1133,3000558693733451020♠−0.4%,7000208000000000000♠2.08,542.3/km2,,,,,,,
Cobourg,Lower-tier,Town,Northumberland,19440,18519,7000497327069496190♠+5.0%,7001223600000000000♠22.36,869.4/km2,,,,,,,
Cochrane,Single-tier,Town,Cochrane,5321,5340,3000644194756554310♠−0.4%,7002539120000000000♠539.12,9.9/km2,,,,,,,
Cockburn Island,Single-tier,Township,Manitoulin,0,0[b],0000000000000000000♠NA,7002171040000000000♠171.04,0.0/km2,,,,,,,
Coleman,Single-tier,Township,Timiskaming,595,597,3000664991624790620♠−0.3%,7002178899999900000♠178.89,3.3/km2,,,,,,,
Collingwood,Lower-tier,Town,Simcoe,21793,19241,7001132633439010450♠+13.3%,7001337800000000000♠33.78,645.1/km2,,,,,,,
Conmee,Single-tier,Township,Thunder Bay,819,764,7000719895287958110♠+7.2%,7002169130000000000♠169.13,4.8/km2,,,,,,,
Cornwall,Single-tier,City,"Stormont, Dundas and Glengarry",46589,46340,6999537332757876570♠+0.5%,7001615600000000000♠61.56,756.8/km2,,,,,,,
Cramahe,Lower-tier,Township,Northumberland,6355,6073,7000464350403425000♠+4.6%,7002202160000000000♠202.16,31.4/km2,,,,,,,
Dawn-Euphemia,Lower-tier,Township,Lambton,1967,2049,2999599804782820890♠−4.0%,7002445120000000000♠445.12,4.4/km2,,,,,,,
Dawson,Single-tier,Township,Rainy River,468,563,2998831261101243340♠−16.9%,7002339500000000000♠339.50,1.4/km2,,,,,,,
Deep River,Lower-tier,Town,Renfrew,4109,4193,2999799666110183640♠−2.0%,7001501300000000000♠50.13,82.0/km2,,,,,,,
Deseronto,Lower-tier,Town,Hastings,1774,1835,2999667574931880110♠−3.3%,7000250990000099999♠2.51,706.8/km2,,,,,,,
Dorion,Single-tier,Township,Thunder Bay,316,338,2999349112426035500♠−6.5%,7002212110000000000♠212.11,1.5/km2,,,,,,,
Douro-Dummer,Lower-tier,Township,Peterborough,6709,6805,2999858927259368110♠−1.4%,7002458950000000000♠458.95,14.6/km2,,,,,,,
Drummond/North Elmsley,Lower-tier,Township,Lanark,7773,7487,7000381995458795250♠+3.8%,7002366130000000000♠366.13,21.2/km2,,,,,,,
Dryden,Single-tier,City,Kenora,7749,7617,7000173296573454120♠+1.7%,7001661900000000000♠66.19,117.1/km2,,,,,,,
Dubreuilville,Single-tier,Township,Algoma,613,635,2999653543307086610♠−3.5%,7001895000000000000♠89.50,6.8/km2,,,,,,,
Dutton/Dunwich,Lower-tier,Municipality,Elgin,3866,3876,3000742002063983490♠−0.3%,7002294580000000000♠294.58,13.1/km2,,,,,,,
"Dysart, Dudley, Harcourt, Guilford, Harburn, Bruton, Havelock, Eyre and Clyde",Lower-tier,Township,Haliburton,6280,5966,7000526315789473680♠+5.3%,"7003148598000000000♠1,485.98",4.2/km2,,,,,,,
Ear Falls,Single-tier,Township,Kenora,995,1026,2999697855750487330♠−3.0%,7002330960000000000♠330.96,3.0/km2,,,,,,,
East Ferris,Single-tier,Township,Nipissing,4750,4766,3000664288711707930♠−0.3%,7002155169999900000♠155.17,30.6/km2,,,,,,,
East Garafraxa,Lower-tier,Township,Dufferin,2579,2595,3000383429672447010♠−0.6%,7002166070000000000♠166.07,15.5/km2,,,,,,,
East Gwillimbury,Lower-tier,Town,York,23991,22473,7000675477239353890♠+6.8%,7002245040000000000♠245.04,97.9/km2,,,,,,,
East Hawkesbury,Lower-tier,Township,Prescott and Russell,3296,3335,2999883058470764620♠−1.2%,7002235010000000000♠235.01,14.0/km2,,,,,,,
East Zorra-Tavistock,Lower-tier,Township,Oxford,7129,6836,7000428613224107670♠+4.3%,7002242300000000000♠242.30,29.4/km2,,,,,,,
Edwardsburgh/Cardinal,Lower-tier,Township,Leeds and Grenville,7093,6959,7000192556401781860♠+1.9%,7002311250000000000♠311.25,22.8/km2,,,,,,,
Elizabethtown-Kitley,Lower-tier,Township,Leeds and Grenville,9854,9724,7000133689839572190♠+1.3%,7002557710000000000♠557.71,17.7/km2,,,,,,,
Elliot Lake,Single-tier,City,Algoma,10741,11348,2999465103983080720♠−5.3%,7002714650000000000♠714.65,15.0/km2,,,,,,,
Emo,Single-tier,Township,Rainy River,1333,1252,7000646964856230030♠+6.5%,7002203090000000000♠203.09,6.6/km2,,,,,,,
Englehart,Single-tier,Town,Timiskaming,1479,1519,2999736668861092820♠−2.6%,7000302000000000000♠3.02,489.7/km2,,,,,,,
Enniskillen,Lower-tier,Township,Lambton,2796,2930,2999542662116040960♠−4.6%,7002338160000000000♠338.16,8.3/km2,,,,,,,
Erin,Lower-tier,Town,Wellington,11439,10770,7000621169916434540♠+6.2%,7002297760000000000♠297.76,38.4/km2,,,,,,,
Espanola,Single-tier,Town,Sudbury,"5,048[33]",5364,2999410887397464579♠−5.9%,7001828209999999999♠82.82,61.0/km2,,,,,,,
Essa,Lower-tier,Township,Simcoe,21083,18505,7001139313699000270♠+13.9%,7002280029999999999♠280.03,75.3/km2,,,,,,,
Essex,Lower-tier,Town,Essex,20427,19600,7000421938775510200♠+4.2%,7002277970000000000♠277.97,73.5/km2,,,,,,,
Evanturel,Single-tier,Township,Timiskaming,449,452,3000336283185840710♠−0.7%,7001893100000000000♠89.31,5.0/km2,,,,,,,
Faraday,Lower-tier,Township,Hastings,1401,1468,2999543596730245230♠−4.6%,7002219620000000000♠219.62,6.4/km2,,,,,,,
Fauquier-Strickland,Single-tier,Township,Cochrane,536,530,7000113207547169810♠+1.1%,"7003101325000000000♠1,013.25",0.5/km2,,,,,,,
Fort Erie,Lower-tier,Town,Niagara,30710,29960,7000250333778371160♠+2.5%,7002166270000000000♠166.27,184.7/km2,,,,,,,
Fort Frances,Single-tier,Town,Rainy River,7739,7952,2999732142857142860♠−2.7%,7001255100000000000♠25.51,303.4/km2,,,,,,,
French River,Single-tier,Municipality,Sudbury,2662,2442,7000900900900900900♠+9.0%,7002735480000000000♠735.48,3.6/km2,,,,,,,
Front of Yonge,Lower-tier,Township,Leeds and Grenville,2607,2752,2999473110465116280♠−5.3%,7002128470000000000♠128.47,20.3/km2,,,,,,,
Frontenac Islands,Lower-tier,Township,Frontenac,1760,1864,2999442060085836909♠−5.6%,7002175040000000000♠175.04,10.1/km2,,,,,,,
Gananoque,Single-tier,Town,Leeds and Grenville,5159,5194,3000326145552560650♠−0.7%,7000703000000000000♠7.03,733.9/km2,,,,,,,
Gauthier,Single-tier,Township,Timiskaming,138,123,7001121951219512200♠+12.2%,7001884100000000000♠88.41,1.6/km2,,,,,,,
Georgian Bay,Lower-tier,Township,Muskoka,2499,2482,6999684931506849320♠+0.7%,7002547610000000000♠547.61,4.6/km2,,,,,,,
Georgian Bluffs,Lower-tier,Township,Grey,10479,10404,6999720876585928500♠+0.7%,7002604370000000000♠604.37,17.3/km2,,,,,,,
Georgina,Lower-tier,Town,York,45418,43517,7000436840774869590♠+4.4%,7002287750000000000♠287.75,157.8/km2,,,,,,,
Gillies,Single-tier,Township,Thunder Bay,474,473,6999211416490486260♠+0.2%,7001930500000000000♠93.05,5.1/km2,,,,,,,
Goderich,Lower-tier,Town,Huron,7628,7526,7000135530162104699♠+1.4%,7000864000000000000♠8.64,882.9/km2,,,,,,,
Gordon/Barrie Island,Single-tier,Municipality,Manitoulin,490,526,2999315589353612170♠−6.8%,7002267770000099999♠267.77,1.8/km2,,,,,,,
Gore Bay,Single-tier,Town,Manitoulin,867,850,7000200000000000000♠+2.0%,7000523000000000000♠5.23,165.8/km2,,,,,,,
Grand Valley,Lower-tier,Town,Dufferin,2956,2726,7000843727072633900♠+8.4%,7002158220000000000♠158.23,18.7/km2,,,,,,,
Gravenhurst,Lower-tier,Town,Muskoka,12311,12055,7000212360016590630♠+2.1%,7002518059999999999♠518.06,23.8/km2,,,,,,,
Greater Madawaska,Lower-tier,Township,Renfrew,2518,2485,7000132796780684110♠+1.3%,"7003103558999999999♠1,035.59",2.4/km2,,,,,,,
Greater Napanee,Lower-tier,Town,Lennox and Addington,15892,15511,7000245632132035330♠+2.5%,7002461170000000000♠461.17,34.5/km2,,,,,,,
Greater Sudbury,Single-tier,City,Sudbury,161531,160274,6999784281917216760♠+0.8%,"7003322835000000000♠3,228.35",50.0/km2,,,,,,,
Greenstone,Single-tier,Municipality,Thunder Bay,4636,4724,2999813717188823030♠−1.9%,"7003276719000000000♠2,767.19",1.7/km2,,,,,,,
Grey Highlands,Lower-tier,Municipality,Grey,9804,9520,7000298319327731090♠+3.0%,7002882510000000000♠882.51,11.1/km2,,,,,,,
Grimsby,Lower-tier,Town,Niagara,27314,25325,7000785389930898320♠+7.9%,7001689300000000000♠68.93,396.3/km2,,,,,,,
Guelph/Eramosa,Lower-tier,Township,Wellington,12854,12380,7000382875605815830♠+3.8%,7002291670000000000♠291.67,44.1/km2,,,,,,,
Guelph,Single-tier,City,Wellington,131794,121688,7000830484517783179♠+8.3%,7001872200000000000♠87.22,"1,511.1/km2",,,,,,,
Haldimand,Single-tier,City,Haldimand,45608,44876,7000163116142258670♠+1.6%,"7003125154000000000♠1,251.54",36.4/km2,,,,,,,
Halton Hills,Lower-tier,Town,Halton,61161,59013,7000363987595953430♠+3.6%,7002276270000099999♠276.27,221.4/km2,,,,,,,
Hamilton,Single-tier,City,Hamilton,536917,519949,7000326339698701220♠+3.3%,"7003111729000000000♠1,117.29",480.6/km2,,,,,,,
Hamilton,Lower-tier,Township,Northumberland,10942,10702,7000224257148196600♠+2.2%,7002256080000099999♠256.08,42.7/km2,,,,,,,
Hanover,Lower-tier,Town,Grey,7688,7490,7000264352469959950♠+2.6%,7000980000000000000♠9.80,784.5/km2,,,,,,,
Harley,Single-tier,Township,Timiskaming,551,539,7000222634508348790♠+2.2%,7001923000000000000♠92.30,6.0/km2,,,,,,,
Harris,Single-tier,Township,Timiskaming,545,523,7000420650095602299♠+4.2%,7001498800000000000♠49.88,10.9/km2,,,,,,,
Hastings Highlands,Lower-tier,Municipality,Hastings,4078,4168,2999784069097888680♠−2.2%,7002972350000000000♠972.35,4.2/km2,,,,,,,
Havelock-Belmont-Methuen,Lower-tier,Township,Peterborough,4530,4523,6999154764536811850♠+0.2%,7002542730000000000♠542.73,8.3/km2,,,,,,,
Hawkesbury,Lower-tier,Town,Prescott and Russell,10263,10551,2999727040090986640♠−2.7%,7000961990000099999♠9.62,"1,066.8/km2",,,,,,,
"Head, Clara and Maria",Lower-tier,Township,Renfrew,248,235,7000553191489361700♠+5.5%,7002728380000000000♠728.38,0.3/km2,,,,,,,
Hearst,Single-tier,Town,Cochrane,5070,5090,3000607072691552070♠−0.4%,7001985200000000000♠98.52,51.5/km2,,,,,,,
Highlands East,Lower-tier,Municipality,Haliburton,3343,3249,7000289319790704830♠+2.9%,7002704630000000000♠704.63,4.7/km2,,,,,,,
Hilliard,Single-tier,Township,Timiskaming,223,204,7000931372549019610♠+9.3%,7001913800000000000♠91.38,2.4/km2,,,,,,,
Hilton,Single-tier,Township,Algoma,307,261,7001176245210727969♠+17.6%,7002115820000000000♠115.82,2.7/km2,,,,,,,
Hilton Beach,Single-tier,Village,Algoma,171,145,7001179310344827590♠+17.9%,7000262000000000000♠2.62,65.3/km2,,,,,,,
Hornepayne,Single-tier,Township,Algoma,980,1050,2999333333333333330♠−6.7%,7002204070000000000♠204.07,4.8/km2,,,,,,,
Horton,Lower-tier,Township,Renfrew,2887,2719,7000617874218462670♠+6.2%,7002158510000000000♠158.51,18.2/km2,,,,,,,
Howick,Lower-tier,Township,Huron,3873,3856,6999440871369294600♠+0.4%,7002287060000000000♠287.06,13.5/km2,,,,,,,
Hudson,Single-tier,Township,Timiskaming,503,476,7000567226890756300♠+5.7%,7001903700000000000♠90.37,5.6/km2,,,,,,,
Huntsville,Lower-tier,Town,Muskoka,19816,19056,7000398824517212430♠+4.0%,7002710010000000000♠710.01,27.9/km2,,,,,,,
Huron East,Lower-tier,Municipality,Huron,9138,9264,2999863989637305700♠−1.4%,7002669220000000000♠669.22,13.7/km2,,,,,,,
Huron Shores,Single-tier,Municipality,Algoma,1664,1723,2999657573998839230♠−3.4%,7002457350000000000♠457.35,3.6/km2,,,,,,,
Huron-Kinloss,Lower-tier,Township,Bruce,7069,6790,7000410898379970550♠+4.1%,7002440760000000000♠440.76,16.0/km2,,,,,,,
Ignace,Single-tier,Township,Kenora,1202,1202,5000000000000000000♠0.0%,7001728209999999999♠72.82,16.5/km2,,,,,,,
Ingersoll,Lower-tier,Town,Oxford,12757,12146,7000503046270377080♠+5.0%,7001127500000000000♠12.75,"1,000.5/km2",,,,,,,
Innisfil,Lower-tier,Town,Simcoe,36566,32727,7001117303755309070♠+11.7%,7002262700000099999♠262.71,139.2/km2,,,,,,,
Iroquois Falls,Single-tier,Town,Cochrane,4537,4595,2999873775843307939♠−1.3%,7002600010000000000♠600.01,7.6/km2,,,,,,,
James,Single-tier,Township,Timiskaming,420,424,3000056603773584909♠−0.9%,7001863600000000000♠86.36,4.9/km2,,,,,,,
Jocelyn,Single-tier,Township,Algoma,313,237,7001320675105485230♠+32.1%,7002131440000099999♠131.45,2.4/km2,,,,,,,
Johnson,Single-tier,Township,Algoma,751,750,6999133333333333340♠+0.1%,7002120270000000000♠120.27,6.2/km2,,,,,,,
Joly,Single-tier,Township,Parry Sound,304,284,7000704225352112680♠+7.0%,7002194730000000000♠194.73,1.6/km2,,,,,,,
Kapuskasing,Single-tier,Town,Cochrane,8292,8196,7000117130307467059♠+1.2%,7001843700000000000♠84.37,98.3/km2,,,,,,,
Kawartha Lakes,Single-tier,City,Kawartha Lakes,75423,73219,7000301014763927400♠+3.0%,"7003308438000000000♠3,084.38",24.5/km2,,,,,,,
Kearney,Single-tier,Town,Parry Sound,882,841,7000487514863258030♠+4.9%,7002532000000000000♠532.00,1.7/km2,,,,,,,
Kenora,Single-tier,City,Kenora,15096,15348,2999835809225957780♠−1.6%,7002211590000000000♠211.59,71.3/km2,,,,,,,
Kerns,Single-tier,Township,Timiskaming,358,359,3000721448467966580♠−0.3%,7001906400000000000♠90.64,3.9/km2,,,,,,,
"Killaloe, Hagarty and Richards",Lower-tier,Township,Renfrew,2420,2402,6999749375520399660♠+0.7%,7002396800000000000♠396.80,6.1/km2,,,,,,,
Killarney,Single-tier,Municipality,Sudbury,386,505,2998764356435643560♠−23.6%,"7003165332000000000♠1,653.32",0.2/km2,,,,,,,
Kincardine,Lower-tier,Municipality,Bruce,11389,11174,7000192410954000360♠+1.9%,7002537940000000000♠537.94,21.2/km2,,,,,,,
King,Lower-tier,Township,York,24512,19899,7001231820694507260♠+23.2%,7002333250000000000♠333.25,73.6/km2,,,,,,,
Kingston,Single-tier,City,Frontenac,123798,123363,6999352617883806340♠+0.4%,7002451190000000000♠451.19,274.4/km2,,,,,,,
Kingsville,Lower-tier,Town,Essex,21552,21362,6999889429828667730♠+0.9%,7002246830000000000♠246.83,87.3/km2,,,,,,,
Kirkland Lake,Single-tier,Town,Timiskaming,7981,8493,2999397150594607320♠−6.0%,7002262130000000000♠262.13,30.4/km2,,,,,,,
Kitchener,Lower-tier,City,Waterloo,233222,219153,7000641971590623900♠+6.4%,7002136770000000000♠136.77,"1,705.2/km2",,,,,,,
La Vallee,Single-tier,Township,Rainy River,938,988,2999493927125506070♠−5.1%,7002237840000000000♠237.84,3.9/km2,,,,,,,
Laird,Single-tier,Township,Algoma,1047,1057,3000053926206244089♠−0.9%,7002102480000000000♠102.48,10.2/km2,,,,,,,
Lake of Bays,Lower-tier,Township,Muskoka,3167,3476,2999111047180667429♠−8.9%,7002677910000000000♠677.91,4.7/km2,,,,,,,
Lake of the Woods,Single-tier,Township,Rainy River,230,296,2998777027027027029♠−22.3%,7002751319999900000♠751.31,0.3/km2,,,,,,,
Lakeshore,Lower-tier,Town,Essex,36611,34546,7000597753719678110♠+6.0%,7002530330000000000♠530.33,69.0/km2,,,,,,,
Lambton Shores,Lower-tier,Municipality,Lambton,10631,10656,3000765390390390380♠−0.2%,7002331200000000000♠331.20,32.1/km2,,,,,,,
Lanark Highlands,Lower-tier,Township,Lanark,5338,5128,7000409516380655230♠+4.1%,"7003104882999900000♠1,048.83",5.1/km2,,,,,,,
Larder Lake,Single-tier,Township,Timiskaming,730,684,7000672514619883040♠+6.7%,7002229520000000000♠229.52,3.2/km2,,,,,,,
LaSalle,Lower-tier,Town,Essex,30180,28643,7000536605802464820♠+5.4%,7001653499999900000♠65.35,461.8/km2,,,,,,,
Latchford,Single-tier,Town,Timiskaming,313,387,2998808785529715760♠−19.1%,7002153530000000000♠153.53,2.0/km2,,,,,,,
Laurentian Hills,Lower-tier,Town,Renfrew,2961,2811,7000533617929562430♠+5.3%,7002642030000000000♠642.03,4.6/km2,,,,,,,
Laurentian Valley,Lower-tier,Township,Renfrew,9387,9657,2999720410065237650♠−2.8%,7002551429999999999♠551.43,17.0/km2,,,,,,,
Leamington,Lower-tier,Municipality,Essex,27595,28403,2999715523008132940♠−2.8%,7002262010000000000♠262.01,105.3/km2,,,,,,,
Leeds and the Thousand Islands,Lower-tier,Township,Leeds and Grenville,9465,9277,7000202651719305810♠+2.0%,7002612450000000000♠612.45,15.5/km2,,,,,,,
Limerick,Lower-tier,Township,Hastings,346,352,2999829545454545450♠−1.7%,7002205370000000000♠205.37,1.7/km2,,,,,,,
Lincoln,Lower-tier,Town,Niagara,23787,22487,7000578111797927690♠+5.8%,7002162810000000000♠162.81,146.1/km2,,,,,,,
London,Single-tier,City,Middlesex,383822,366151,7000482615095957680♠+4.8%,7002420350000000000♠420.35,913.1/km2,,,,,,,
Loyalist,Lower-tier,Township,Lennox and Addington,16971,16221,7000462363602737190♠+4.6%,7002341020000000000♠341.02,49.8/km2,,,,,,,
Lucan Biddulph,Lower-tier,Township,Middlesex,4700,4338,7000834485938220380♠+8.3%,7002169149999900000♠169.14,27.8/km2,,,,,,,
"Macdonald, Meredith and Aberdeen Additional",Single-tier,Township,Algoma,1609,1464,7000990437158469950♠+9.9%,7002164050000000000♠164.05,9.8/km2,,,,,,,
Machar,Single-tier,Township,Parry Sound,882,923,2999555796316359700♠−4.4%,7002184350000000000♠184.35,4.8/km2,,,,,,,
Machin,Single-tier,Township,Kenora,971,935,7000385026737967920♠+3.9%,7002291810000000000♠291.81,3.3/km2,,,,,,,
Madawaska Valley,Lower-tier,Township,Renfrew,4123,4282,2999628678187762730♠−3.7%,7002672510000000000♠672.51,6.1/km2,,,,,,,
Madoc,Lower-tier,Township,Hastings,2078,2166,2999593721144967680♠−4.1%,7002277970000000000♠277.97,7.5/km2,,,,,,,
Magnetawan,Single-tier,Municipality,Parry Sound,1390,1454,2999559834938101790♠−4.4%,7002531530000000000♠531.53,2.6/km2,,,,,,,
Malahide,Lower-tier,Township,Elgin,9292,9146,7000159632626284710♠+1.6%,7002395050000000000♠395.05,23.5/km2,,,,,,,
Manitouwadge,Single-tier,Township,Thunder Bay,1937,2105,2999201900237529689♠−8.0%,7002352070000000000♠352.07,5.5/km2,,,,,,,
Mapleton,Lower-tier,Township,Wellington,10527,9989,7000538592451696870♠+5.4%,7002534870000000000♠534.87,19.7/km2,,,,,,,
Marathon,Single-tier,Town,Thunder Bay,3273,3353,2999761407694601850♠−2.4%,7002170540000000000♠170.54,19.2/km2,,,,,,,
Markham,Lower-tier,City,York,328966,301709,7000903420183024040♠+9.0%,7002212350000000000♠212.35,"1,549.2/km2",,,,,,,
Markstay-Warren,Single-tier,Municipality,Sudbury,2656,2297,7001156290814105350♠+15.6%,7002512780000000000♠512.78,5.2/km2,,,,,,,
Marmora and Lake,Lower-tier,Municipality,Hastings,3953,4074,2999702994599901820♠−3.0%,7002557080000000000♠557.08,7.1/km2,,,,,,,
Matachewan,Single-tier,Township,Timiskaming,225,409,2998550122249388750♠−45.0%,7002543580000000000♠543.58,0.4/km2,,,,,,,
Mattawa,Single-tier,Town,Nipissing,1993,2023,2999851705388037570♠−1.5%,7000366000000000000♠3.66,544.5/km2,,,,,,,
Mattawan,Single-tier,Township,Nipissing,161,162,3000382716049382710♠−0.6%,7002201000000000000♠201.00,0.8/km2,,,,,,,
Mattice-Val Côté,Single-tier,Township,Cochrane,648,686,2999446064139941690♠−5.5%,7002414000000000000♠414.00,1.6/km2,,,,,,,
McDougall,Single-tier,Township,Parry Sound,2702,2705,3000889094269870620♠−0.1%,7002268480000000000♠268.48,10.1/km2,,,,,,,
McGarry,Single-tier,Township,Timiskaming,609,595,7000235294117647060♠+2.4%,7001866700000000000♠86.67,7.0/km2,,,,,,,
McKellar,Single-tier,Township,Parry Sound,1111,1144,2999711538461538460♠−2.9%,7002180880000000000♠180.88,6.1/km2,,,,,,,
McMurrich/Monteith,Single-tier,Township,Parry Sound,824,779,7000577663671373560♠+5.8%,7002277920000000000♠277.92,3.0/km2,,,,,,,
McNab/Braeside,Lower-tier,Township,Renfrew,7178,7371,2999738163071496410♠−2.6%,7002255760000000000♠255.76,28.1/km2,,,,,,,
Meaford,Lower-tier,Municipality,Grey,10991,11100,3000018018018018020♠−1.0%,7002588570000000000♠588.57,18.7/km2,,,,,,,
Melancthon,Lower-tier,Township,Dufferin,3008,2839,7000595280028178940♠+6.0%,7002310790000000000♠310.79,9.7/km2,,,,,,,
Merrickville-Wolford,Lower-tier,Village,Leeds and Grenville,3067,2850,7000761403508771930♠+7.6%,7002214550000000000♠214.55,14.3/km2,,,,,,,
Middlesex Centre,Lower-tier,Municipality,Middlesex,17262,16487,7000470067325771820♠+4.7%,7002588110000000000♠588.11,29.4/km2,,,,,,,
Midland,Lower-tier,Town,Simcoe,16864,16572,7000176200820661360♠+1.8%,7001353400000000000♠35.34,477.2/km2,,,,,,,
Milton,Lower-tier,Town,Halton,110128,84362,7001305421872407010♠+30.5%,7002363220000000000♠363.22,303.2/km2,,,,,,,
Minden Hills,Lower-tier,Township,Haliburton,6088,5655,7000765694076038900♠+7.7%,7002878270000000000♠878.27,6.9/km2,,,,,,,
Minto,Lower-tier,Town,Wellington,8671,8334,7000404367650587949♠+4.0%,7002300690000000000♠300.69,28.8/km2,,,,,,,
Mississauga,Lower-tier,City,Peel,721599,713443,7000114318873406840♠+1.1%,7002292430000000000♠292.43,"2,467.6/km2",,,,,,,
Mississippi Mills,Lower-tier,Town,Lanark,13163,12385,7000628179249091640♠+6.3%,7002519580000000000♠519.58,25.3/km2,,,,,,,
Mono,Lower-tier,Town,Dufferin,8609,7546,7001140869334746890♠+14.1%,7002277830000099999♠277.83,31.0/km2,,,,,,,
Montague,Lower-tier,Township,Lanark,3761,3483,7000798162503588860♠+8.0%,7002279660000000000♠279.66,13.4/km2,,,,,,,
Moonbeam,Single-tier,Township,Cochrane,1231,1101,7001118074477747500♠+11.8%,7002235580000000000♠235.58,5.2/km2,,,,,,,
Moosonee,Single-tier,Town,Cochrane,1481,1725,2998858550724637680♠−14.1%,7002546720000000000♠546.72,2.7/km2,,,,,,,
Morley,Single-tier,Township,Rainy River,481,508,2999468503937007870♠−5.3%,7002390610000000000♠390.61,1.2/km2,,,,,,,
Morris-Turnberry,Lower-tier,Municipality,Huron,3496,3413,7000243187811309700♠+2.4%,7002376560000000000♠376.56,9.3/km2,,,,,,,
Mulmur,Lower-tier,Township,Dufferin,3478,3391,7000256561486287230♠+2.6%,7002286770000000000♠286.77,12.1/km2,,,,,,,
Muskoka Lakes,Lower-tier,Township,Muskoka,6588,6707,2999822573430744000♠−1.8%,7002794260000000000♠794.26,8.3/km2,,,,,,,
Nairn and Hyman,Single-tier,Township,Sudbury,342,477,2998716981132075470♠−28.3%,7002160820000000000♠160.82,2.1/km2,,,,,,,
NationThe Nation,Lower-tier,Municipality,Prescott and Russell,12808,11668,7000977031196434690♠+9.8%,7002658320000000000♠658.32,19.5/km2,,,,,,,
Neebing,Single-tier,Municipality,Thunder Bay,2055,1986,7000347432024169190♠+3.5%,7002877270000000000♠877.27,2.3/km2,,,,,,,
New Tecumseth,Lower-tier,Town,Simcoe,34242,30234,7001132565985314550♠+13.3%,7002274200000099999♠274.21,124.9/km2,,,,,,,
Newbury,Lower-tier,Village,Middlesex,466,447,7000425055928411630♠+4.3%,7000177000000000000♠1.77,263.3/km2,,,,,,,
Newmarket,Lower-tier,Town,York,84224,79978,7000530895996399010♠+5.3%,7001384500000000000♠38.45,"2,190.5/km2",,,,,,,
Niagara Falls,Lower-tier,City,Niagara,88071,82997,7000611347398098730♠+6.1%,7002209730000000000♠209.73,419.9/km2,,,,,,,
Niagara-on-the-Lake,Lower-tier,Town,Niagara,17511,15400,7001137077922077920♠+13.7%,7002132810000000000♠132.81,131.9/km2,,,,,,,
Nipigon,Single-tier,Township,Thunder Bay,1642,1631,6999674432863274070♠+0.7%,7002109110000000000♠109.11,15.0/km2,,,,,,,
Nipissing,Single-tier,Township,Parry Sound,1707,1704,6999176056338028170♠+0.2%,7002393800000000000♠393.80,4.3/km2,,,,,,,
Norfolk,Single-tier,City,Norfolk,64044,63175,7000137554412346660♠+1.4%,"7003160755000000000♠1,607.55",39.8/km2,,,,,,,
North Algona Wilberforce,Lower-tier,Township,Renfrew,2915,2873,7000146188652975980♠+1.5%,7002378980000000000♠378.98,7.7/km2,,,,,,,
North Bay,Single-tier,City,Nipissing,51553,53651,2999608954166744330♠−3.9%,7002319110000000000♠319.11,161.6/km2,,,,,,,
North Dumfries,Lower-tier,Township,Waterloo,10215,9334,7000943861152774800♠+9.4%,7002187430000000000♠187.43,54.5/km2,,,,,,,
North Dundas,Lower-tier,Township,"Stormont, Dundas and Glengarry",11278,11225,6999472160356347430♠+0.5%,7002503080000000000♠503.08,22.4/km2,,,,,,,
North Frontenac,Lower-tier,Township,Frontenac,1898,1857,7000220786214324180♠+2.2%,"7003116477000000000♠1,164.77",1.6/km2,,,,,,,
North Glengarry,Lower-tier,Township,"Stormont, Dundas and Glengarry",10109,10251,2999861476929080090♠−1.4%,7002643460000000000♠643.46,15.7/km2,,,,,,,
North Grenville,Lower-tier,Municipality,Leeds and Grenville,16451,15085,7000905535299966860♠+9.1%,7002352180000000000♠352.18,46.7/km2,,,,,,,
North Huron,Lower-tier,Township,Huron,4932,4884,6999982800982800990♠+1.0%,7002178820000000000♠178.82,27.6/km2,,,,,,,
North Kawartha,Lower-tier,Township,Peterborough,2479,2289,7000830056793359550♠+8.3%,7002776010000000000♠776.01,3.2/km2,,,,,,,
North Middlesex,Lower-tier,Municipality,Middlesex,6352,6658,2999540402523280260♠−4.6%,7002597880000000000♠597.88,10.6/km2,,,,,,,
North Perth,Lower-tier,Municipality,Perth,13130,12631,7000395059773572950♠+4.0%,7002493140000000000♠493.14,26.6/km2,,,,,,,
North ShoreThe North Shore,Single-tier,Township,Algoma,497,509,2999764243614931240♠−2.4%,7002239080000000000♠239.08,2.1/km2,,,,,,,
North Stormont,Lower-tier,Township,"Stormont, Dundas and Glengarry",6873,6775,7000144649446494460♠+1.4%,7002515910000099999♠515.91,13.3/km2,,,,,,,
Northeastern Manitoulin and the Islands,Single-tier,Town,Manitoulin,2712,2706,6999221729490022170♠+0.2%,7002496090000000000♠496.09,5.5/km2,,,,,,,
Northern Bruce Peninsula,Lower-tier,Municipality,Bruce,3999,3744,7000681089743589740♠+6.8%,7002783990000000000♠783.99,5.1/km2,,,,,,,
Norwich,Lower-tier,Township,Oxford,11001,10721,7000261169667008670♠+2.6%,7002431270000000000♠431.27,25.5/km2,,,,,,,
Oakville,Lower-tier,Town,Halton,193832,182520,7000619767696690770♠+6.2%,7002138889999999999♠138.89,"1,395.6/km2",,,,,,,
O'Connor,Single-tier,Township,Thunder Bay,663,685,2999678832116788320♠−3.2%,7002108780000000000♠108.78,6.1/km2,,,,,,,
Oil Springs,Lower-tier,Village,Lambton,648,704,2999204545454545449♠−8.0%,7000819009999900000♠8.19,79.1/km2,,,,,,,
Oliver Paipoonge,Single-tier,Municipality,Thunder Bay,5922,5732,7000331472435450100♠+3.3%,7002350910000000000♠350.91,16.9/km2,,,,,,,
Opasatika,Single-tier,Township,Cochrane,226,214,7000560747663551400♠+5.6%,7002330440000000000♠330.44,0.7/km2,,,,,,,
Orangeville,Lower-tier,Town,Dufferin,28900,27975,7000330652368185880♠+3.3%,7001156100000000000♠15.61,"1,851.4/km2",,,,,,,
Orillia,Single-tier,City,Simcoe,31166,30586,7000189629242136930♠+1.9%,7001285800000000000♠28.58,"1,090.5/km2",,,,,,,
Oro-Medonte,Lower-tier,Township,Simcoe,21036,20078,7000477139157286579♠+4.8%,7002587080000000000♠587.08,35.8/km2,,,,,,,
Oshawa,Lower-tier,City,Durham,159458,149607,7000658458494589160♠+6.6%,7002145639999900000♠145.64,"1,094.9/km2",,,,,,,
Otonabee-South Monaghan,Lower-tier,Township,Peterborough,6670,6581,7000135237805804590♠+1.4%,7002347130000000000♠347.13,19.2/km2,,,,,,,
Ottawa,Single-tier,City,Ottawa,934243,883391,7000575645438995870♠+5.8%,"7003279030000000000♠2,790.30",334.8/km2,,,,,,,
Owen Sound,Lower-tier,City,Grey,21341,21688,2999840003688675770♠−1.6%,7001242700000000000♠24.27,879.3/km2,,,,,,,
Papineau-Cameron,Single-tier,Township,Nipissing,1016,978,7000388548057259710♠+3.9%,7002566390000000000♠566.39,1.8/km2,,,,,,,
Parry Sound,Single-tier,Town,Parry Sound,6408,6191,7000350508803101280♠+3.5%,7001134000000000000♠13.40,478.2/km2,,,,,,,
Pelee,Single-tier,Township,Essex,235,171,7001374269005847950♠+37.4%,7001417900000000000♠41.79,5.6/km2,,,,,,,
Pelham,Lower-tier,Town,Niagara,17110,16598,7000308470900108450♠+3.1%,7002126430000000000♠126.43,135.3/km2,,,,,,,
Pembroke,Single-tier,City,Renfrew,13882,14360,2999667130919220059♠−3.3%,7001145600000000000♠14.56,953.4/km2,,,,,,,
Penetanguishene,Lower-tier,Town,Simcoe,8962,9111,2999836461420261220♠−1.6%,7001255800000099999♠25.58,350.4/km2,,,,,,,
Perry,Single-tier,Township,Parry Sound,2454,2317,7000591281829952530♠+5.9%,7002187220000000000♠187.22,13.1/km2,,,,,,,
Perth,Lower-tier,Town,Lanark,5930,5840,7000154109589041100♠+1.5%,7001122500000000000♠12.25,484.1/km2,,,,,,,
Perth East,Lower-tier,Township,Perth,12261,12011,7000208142536008660♠+2.1%,7002712140000000000♠712.14,17.2/km2,,,,,,,
Perth South,Lower-tier,Township,Perth,3810,3993,2999541697971450040♠−4.6%,7002393140000000000♠393.14,9.7/km2,,,,,,,
Petawawa,Lower-tier,Town,Renfrew,17187,15988,7000749937453089820♠+7.5%,7002166690000000000♠166.69,103.1/km2,,,,,,,
Peterborough,Single-tier,City,Peterborough,81032,78777,7000286251063127560♠+2.9%,7001642500000000000♠64.25,"1,261.2/km2",,,,,,,
Petrolia,Lower-tier,Town,Lambton,5742,5528,7000387120115774240♠+3.9%,7001126800000000000♠12.68,452.8/km2,,,,,,,
Pickering,Lower-tier,City,Durham,91771,88721,7000343774303716140♠+3.4%,7002231550000000000♠231.55,396.3/km2,,,,,,,
Pickle Lake,Single-tier,Township,Kenora,388,425,2999129411764705879♠−8.7%,7002252180000000000♠252.18,1.5/km2,,,,,,,
Plummer Additional,Single-tier,Township,Algoma,660,650,7000153846153846150♠+1.5%,7002220300000000000♠220.30,3.0/km2,,,,,,,
Plympton-Wyoming,Lower-tier,Town,Lambton,7795,7576,7000289070749736010♠+2.9%,7002318779999900000♠318.78,24.5/km2,,,,,,,
Point Edward,Lower-tier,Village,Lambton,2037,2034,6999147492625368730♠+0.1%,7000328000000000000♠3.28,621.0/km2,,,,,,,
Port Colborne,Lower-tier,City,Niagara,18306,18424,3000359531046461140♠−0.6%,7002121960000000000♠121.96,150.1/km2,,,,,,,
Port Hope,Lower-tier,Municipality,Northumberland,16753,16214,7000332428765264590♠+3.3%,7002278870000000000♠278.87,60.1/km2,,,,,,,
Powassan,Single-tier,Municipality,Parry Sound,3455,3378,7000227945529899350♠+2.3%,7002224560000000000♠224.56,15.4/km2,,,,,,,
Prescott,Single-tier,Town,Leeds and Grenville,4222,4284,2999855275443510739♠−1.4%,7000493000000000000♠4.93,856.4/km2,,,,,,,
Prince,Single-tier,Township,Algoma,1010,1031,2999796314258001940♠−2.0%,7001853000000000000♠85.30,11.8/km2,,,,,,,
Prince Edward,Single-tier,City,Prince Edward,24735,25258,2999792936891281970♠−2.1%,"7003105049000000000♠1,050.49",23.5/km2,,,,,,,
Puslinch,Lower-tier,Township,Wellington,7336,7029,7000436761986057760♠+4.4%,7002214620000000000♠214.62,34.2/km2,,,,,,,
Quinte West,Single-tier,City,Hastings,43577,43086,7000113958130251130♠+1.1%,7002494020000000000♠494.02,88.2/km2,,,,,,,
Rainy River,Single-tier,Town,Rainy River,807,842,2999584323040380050♠−4.2%,7000311000000000000♠3.11,259.5/km2,,,,,,,
Ramara,Lower-tier,Township,Simcoe,9488,9275,7000229649595687330♠+2.3%,7002418820000000000♠418.82,22.7/km2,,,,,,,
Red Lake,Single-tier,Municipality,Kenora,4107,4670,2998879443254817990♠−12.1%,7002610059999900000♠610.06,6.7/km2,,,,,,,
Red Rock,Single-tier,Township,Thunder Bay,895,942,2999501061571125270♠−5.0%,7001622100000000000♠62.21,14.4/km2,,,,,,,
Renfrew,Lower-tier,Town,Renfrew,8223,8218,6998608420540277430♠+0.1%,7001127800000000000♠12.78,643.4/km2,,,,,,,
Richmond Hill,Lower-tier,Town,York,195022,185541,7000510992179626070♠+5.1%,7002101110000000000♠101.11,"1,928.8/km2",,,,,,,
Rideau Lakes,Lower-tier,Township,Leeds and Grenville,10326,10207,7000116586656216320♠+1.2%,7002729220000000000♠729.22,14.2/km2,,,,,,,
Russell,Lower-tier,Township,Prescott and Russell,16520,15247,7000834918344592379♠+8.3%,7002199110000000000♠199.11,83.0/km2,,,,,,,
Ryerson,Single-tier,Township,Parry Sound,648,634,7000220820189274450♠+2.2%,7002187929999900000♠187.92,3.4/km2,,,,,,,
Sables-Spanish Rivers,Single-tier,Township,Sudbury,"3,188[33]",3075,7000367479674796750♠+3.7%,7002815210000000000♠815.21,3.9/km2,,,,,,,
Sarnia,Lower-tier,City,Lambton,71594,72366,2999893320067434980♠−1.1%,7002164850000000000♠164.85,434.3/km2,,,,,,,
Saugeen Shores,Lower-tier,Town,Bruce,13715,12661,7000832477687386460♠+8.3%,7002171050000000000♠171.05,80.2/km2,,,,,,,
Sault Ste. Marie,Single-tier,City,Algoma,73368,75141,2999764043598035690♠−2.4%,7002223240000000000♠223.24,328.7/km2,,,,,,,
Schreiber,Single-tier,Township,Thunder Bay,1059,1126,2999404973357015990♠−6.0%,7001368009999900000♠36.80,28.8/km2,,,,,,,
Scugog,Lower-tier,Township,Durham,21617,21569,6999222541610644900♠+0.2%,7002474710000000000♠474.71,45.5/km2,,,,,,,
Seguin,Single-tier,Township,Parry Sound,4304,3988,7000792377131394180♠+7.9%,7002595679999900000♠595.68,7.2/km2,,,,,,,
Selwyn,Lower-tier,Township,Peterborough,17060,16846,7000127033123590170♠+1.3%,7002315690000000000♠315.69,54.0/km2,,,,,,,
Severn,Lower-tier,Township,Simcoe,13477,12377,7000888745253292400♠+8.9%,7002549750000000000♠549.75,24.5/km2,,,,,,,
Shelburne,Lower-tier,Town,Dufferin,8126,5846,7001390010263427980♠+39.0%,7000656000000000000♠6.56,"1,238.7/km2",,,,,,,
Shuniah,Single-tier,Municipality,Thunder Bay,2798,2737,7000222871757398610♠+2.2%,7002570990000000000♠570.99,4.9/km2,,,,,,,
Sioux Lookout,Single-tier,Municipality,Kenora,5272,5037,7000466547548143740♠+4.7%,7002378120000000000♠378.12,13.9/km2,,,,,,,
Sioux Narrows-Nestor Falls,Single-tier,Township,Kenora,567,720,2998787500000000000♠−21.2%,"7003122312000099999♠1,223.12",0.5/km2,,,,,,,
Smiths Falls,Single-tier,Town,Lanark,8780,8978,2999779460904433060♠−2.2%,7000966000000000000♠9.66,908.9/km2,,,,,,,
Smooth Rock Falls,Single-tier,Town,Cochrane,1330,1376,2999665697674418610♠−3.3%,7002200100000000000♠200.10,6.6/km2,,,,,,,
South Algonquin,Single-tier,Township,Nipissing,1096,1211,2999050371593724189♠−9.5%,7002873430000000000♠873.43,1.3/km2,,,,,,,
South Bruce Peninsula,Lower-tier,Town,Bruce,8416,8413,5000000000000000000♠0.0%,7002532290000099999♠532.29,15.8/km2,,,,,,,
South Bruce,Lower-tier,Municipality,Bruce,5639,5685,3000190853122251540♠−0.8%,7002487480000000000♠487.48,11.6/km2,,,,,,,
South Dundas,Lower-tier,Municipality,"Stormont, Dundas and Glengarry",10833,10794,6999361311839911060♠+0.4%,7002521059999999999♠521.06,20.8/km2,,,,,,,
South Frontenac,Lower-tier,Township,Frontenac,18646,18113,7000294263788439240♠+2.9%,7002971560000000000♠971.56,19.2/km2,,,,,,,
South Glengarry,Lower-tier,Township,"Stormont, Dundas and Glengarry",13150,13162,3001088284455250000♠−0.1%,7002605360000000000♠605.36,21.7/km2,,,,,,,
South Huron,Lower-tier,Municipality,Huron,10096,9945,7000151835093011560♠+1.5%,7002425410000000000♠425.41,23.7/km2,,,,,,,
South River,Single-tier,Village,Parry Sound,1114,1049,7000619637750238320♠+6.2%,7000415000000000000♠4.15,268.4/km2,,,,,,,
South Stormont,Lower-tier,Township,"Stormont, Dundas and Glengarry",13110,12617,7000390742648807170♠+3.9%,7002447580000000000♠447.58,29.3/km2,,,,,,,
Southgate,Lower-tier,Township,Grey,7354,7190,7000228094575799720♠+2.3%,7002644380000000000♠644.38,11.4/km2,,,,,,,
Southwest Middlesex,Lower-tier,Municipality,Middlesex,5723,5860,2999766211604095560♠−2.3%,7002427880000000000♠427.88,13.4/km2,,,,,,,
South-West Oxford,Lower-tier,Township,Oxford,7664,7544,7000159066808059380♠+1.6%,7002370730000000000♠370.73,20.7/km2,,,,,,,
Southwold,Lower-tier,Township,Elgin,4421,4494,2999837561192701380♠−1.6%,7002301740000000000♠301.74,14.7/km2,,,,,,,
Spanish,Single-tier,Town,Algoma,712,696,7000229885057471260♠+2.3%,7002108670000000000♠108.67,6.6/km2,,,,,,,
Springwater,Lower-tier,Township,Simcoe,19059,18223,7000458760906546670♠+4.6%,7002536280000000000♠536.28,35.5/km2,,,,,,,
St. Catharines,Lower-tier,City,Niagara,133113,131400,7000130365296803650♠+1.3%,7001961300000000000♠96.13,"1,384.7/km2",,,,,,,
St. Charles,Single-tier,Municipality,Sudbury,1269,1282,2999898595943837750♠−1.0%,7002321750000000000♠321.75,3.9/km2,,,,,,,
St. Clair,Lower-tier,Township,Lambton,14086,14515,2999704443678952810♠−3.0%,7002619160000000000♠619.17,22.7/km2,,,,,,,
St. Joseph,Single-tier,Township,Algoma,1240,1201,7000324729392173190♠+3.2%,7002129120000000000♠129.12,9.6/km2,,,,,,,
St. Marys,Single-tier,Town,Perth,7265,6655,7000916604057099930♠+9.2%,7001124500000000000♠12.45,583.5/km2,,,,,,,
St. Thomas,Single-tier,City,Elgin,38909,37905,7000264872708086000♠+2.6%,7001356300000000000♠35.63,"1,092.0/km2",,,,,,,
Stirling-Rawdon,Lower-tier,Township,Hastings,4882,4978,2999807151466452390♠−1.9%,7002282330000000000♠282.33,17.3/km2,,,,,,,
Stone Mills,Lower-tier,Township,Lennox and Addington,7702,7560,7000187830687830690♠+1.9%,7002709170000000000♠709.17,10.9/km2,,,,,,,
Stratford,Single-tier,City,Perth,31465,30903,7000181859366404560♠+1.8%,7001282800000000000♠28.28,"1,112.6/km2",,,,,,,
Strathroy-Caradoc,Lower-tier,Township,Middlesex,20867,20978,3000470874249213460♠−0.5%,7002270770000099999♠270.77,77.1/km2,,,,,,,
Strong,Single-tier,Township,Parry Sound,1439,1341,7000730797912005960♠+7.3%,7002159930000000000♠159.93,9.0/km2,,,,,,,
Sundridge,Single-tier,Village,Parry Sound,961,985,2999756345177664970♠−2.4%,7000230000000099999♠2.30,417.8/km2,,,,,,,
Tarbutt and Tarbutt Additional,Single-tier,Township,Algoma,534,396,7001348484848484850♠+34.8%,7001528200000000000♠52.82,10.1/km2,,,,,,,
Tay,Lower-tier,Township,Simcoe,10033,9736,7000305053410024650♠+3.1%,7002139070000000000♠139.07,72.1/km2,,,,,,,
Tay Valley,Lower-tier,Township,Lanark,5665,5571,7000168730928020100♠+1.7%,7002550010000000000♠550.01,10.3/km2,,,,,,,
Tecumseh,Lower-tier,Town,Essex,23229,23610,2999838627700127070♠−1.6%,7001946400000000000♠94.64,245.4/km2,,,,,,,
Tehkummah,Single-tier,Township,Manitoulin,436,406,7000738916256157640♠+7.4%,7002132690000000000♠132.69,3.3/km2,,,,,,,
Temagami,Single-tier,Municipality,Nipissing,802,840,2999547619047619050♠−4.5%,"7003190592000000000♠1,905.92",0.4/km2,,,,,,,
Temiskaming Shores,Single-tier,City,Timiskaming,9920,10400,2999538461538461540♠−4.6%,7002178110000000000♠178.11,55.7/km2,,,,,,,
Terrace Bay,Single-tier,Township,Thunder Bay,1611,1471,7000951733514615910♠+9.5%,7002152820000000000♠152.82,10.5/km2,,,,,,,
Thames Centre,Lower-tier,Municipality,Middlesex,13191,13000,7000146923076923080♠+1.5%,7002433990000000000♠433.99,30.4/km2,,,,,,,
Thessalon,Single-tier,Town,Algoma,1286,1279,6999547302580140729♠+0.5%,7000451990000099999♠4.52,284.5/km2,,,,,,,
Thornloe,Single-tier,Village,Timiskaming,112,123,2999105691056910569♠−8.9%,7000659000000000000♠6.59,17.0/km2,,,,,,,
Thorold,Lower-tier,City,Niagara,18801,17931,7000485193240756230♠+4.9%,7001829909999900000♠82.99,226.5/km2,,,,,,,
Thunder Bay,Single-tier,City,Thunder Bay,107909,108359,3000584713775505500♠−0.4%,7002328360000000000♠328.36,328.6/km2,,,,,,,
Tillsonburg,Lower-tier,Town,Oxford,15872,15301,7000373178223645510♠+3.7%,7001223300000099999♠22.33,710.8/km2,,,,,,,
Timmins,Single-tier,City,Cochrane,41788,43165,2999680991544075060♠−3.2%,"7003297883000000000♠2,978.83",14.0/km2,,,,,,,
Tiny,Lower-tier,Township,Simcoe,11787,11232,7000494123931623930♠+4.9%,7002336930000000000♠336.93,35.0/km2,,,,,,,
Toronto,Single-tier,City,Toronto,2731571,2615060,7000445538534488690♠+4.5%,7002630200000000000♠630.20,"4,334.5/km2",,,,,,,
Trent Hills,Lower-tier,Municipality,Northumberland,12900,12604,7000234846080609330♠+2.3%,7002511950000000000♠511.95,25.2/km2,,,,,,,
Trent Lakes,Lower-tier,Municipality,Peterborough,5397,5100,7000582352941176470♠+5.8%,7002861320000000000♠861.32,6.3/km2,,,,,,,
Tudor and Cashel,Lower-tier,Township,Hastings,586,586,5000000000000000000♠0.0%,7002445660000000000♠445.66,1.3/km2,,,,,,,
Tweed,Lower-tier,Municipality,Hastings,6044,6057,3000785372296516430♠−0.2%,7002953470000000000♠953.47,6.3/km2,,,,,,,
Tyendinaga,Lower-tier,Township,Hastings,4297,4150,7000354216867469880♠+3.5%,7002312920000000000♠312.92,13.7/km2,,,,,,,
Uxbridge,Lower-tier,Township,Durham,21176,20623,7000268147214275319♠+2.7%,7002420950000000000♠420.95,50.3/km2,,,,,,,
Val Rita-Harty,Single-tier,Township,Cochrane,762,817,2999326805385556919♠−6.7%,7002381180000000000♠381.18,2.0/km2,,,,,,,
Vaughan,Lower-tier,City,York,306233,288301,7000621988824180280♠+6.2%,7002273560000000000♠273.56,"1,119.4/km2",,,,,,,
Wainfleet,Lower-tier,Township,Niagara,6372,6356,6999251730648206430♠+0.3%,7002217310000000000♠217.31,29.3/km2,,,,,,,
Warwick,Lower-tier,Township,Lambton,3692,3717,3000327414581651870♠−0.7%,7002290200000000000♠290.20,12.7/km2,,,,,,,
Wasaga Beach,Lower-tier,Town,Simcoe,20675,17537,7001178935963961910♠+17.9%,7001586400000000000♠58.64,352.6/km2,,,,,,,
Waterloo,Lower-tier,City,Waterloo,104986,98780,7000628264830937440♠+6.3%,7001640190000000000♠64.02,"1,639.9/km2",,,,,,,
Wawa,Single-tier,Municipality,Algoma,2905,2975,2999764705882352940♠−2.4%,7002416210000000000♠416.21,7.0/km2,,,,,,,
Welland,Lower-tier,City,Niagara,52293,50631,7000328257391716540♠+3.3%,7001810400000000000♠81.04,645.3/km2,,,,,,,
Wellesley,Lower-tier,Township,Waterloo,11260,10713,7000510594604685899♠+5.1%,7002277760000000000♠277.76,40.5/km2,,,,,,,
Wellington North,Lower-tier,Township,Wellington,11914,11477,7000380761523046090♠+3.8%,7002526210000000000♠526.21,22.6/km2,,,,,,,
West Elgin,Lower-tier,Municipality,Elgin,4995,5157,2999685863874345550♠−3.1%,7002322480000000000♠322.48,15.5/km2,,,,,,,
West Grey,Lower-tier,Municipality,Grey,12518,12286,7000188832817841440♠+1.9%,7002876160000000000♠876.16,14.3/km2,,,,,,,
West Lincoln,Lower-tier,Township,Niagara,14500,13837,7000479150104791500♠+4.8%,7002387810000000000♠387.81,37.4/km2,,,,,,,
West Nipissing,Single-tier,Municipality,Nipissing,14364,14149,7000151954201710370♠+1.5%,"7003199363000000000♠1,993.63",7.2/km2,,,,,,,
West Perth,Lower-tier,Municipality,Perth,8865,8919,3000394550958627650♠−0.6%,7002579360000000000♠579.36,15.3/km2,,,,,,,
Westport,Lower-tier,Village,Leeds and Grenville,590,628,2999394904458598730♠−6.1%,7000168000000000000♠1.68,351.2/km2,,,,,,,
Whitby,Lower-tier,Town,Durham,128377,122022,7000520807723197460♠+5.2%,7002146660000000000♠146.66,875.3/km2,,,,,,,
Whitchurch-Stouffville,Lower-tier,Town,York,45837,37628,7001218162007016049♠+21.8%,7002206220000000000♠206.22,222.3/km2,,,,,,,
White River,Single-tier,Township,Algoma,645,607,7000626029654036240♠+6.3%,7001967800000000000♠96.78,6.7/km2,,,,,,,
Whitestone,Single-tier,Municipality,Parry Sound,916,918,3000782135076252720♠−0.2%,7002957930000000000♠957.93,1.0/km2,,,,,,,
Whitewater,Lower-tier,Township,Renfrew,7009,6921,7000127149255887880♠+1.3%,7002539510000000000♠539.51,13.0/km2,,,,,,,
Wilmot,Lower-tier,Township,Waterloo,20545,19223,7000687717838006550♠+6.9%,7002263779999999999♠263.78,77.9/km2,,,,,,,
Windsor,Single-tier,City,Essex,217188,210891,7000298590267009970♠+3.0%,7002146380000000000♠146.38,"1,483.7/km2",,,,,,,
Wollaston,Lower-tier,Township,Hastings,670,708,2999463276836158190♠−5.4%,7002219140000000000♠219.14,3.1/km2,,,,,,,
Woodstock,Lower-tier,City,Oxford,40902,37754,7000833818933093179♠+8.3%,7001489700000000000♠48.97,835.2/km2,,,,,,,
Woolwich,Lower-tier,Township,Waterloo,25006,23145,7000804061352343920♠+8.0%,7002326140000000000♠326.15,76.7/km2,,,,,,,
Zorra,Lower-tier,Township,Oxford,8138,8058,6999992802184164800♠+1.0%,7002528940000000000♠528.94,15.4/km2,,,,,,,
